simulation,jaccard,regret,tsf_optimum,orbit_open
1,1.0,0.0,0.45566714374218376,1
2,1.0,0.0,0.4555325600925263,1
3,1.0,0.0,0.4567883974150633,1
4,1.0,0.0,0.4550637612370082,1
5,1.0,0.0,0.4558088934024985,1
6,1.0,0.0,0.4555351375789197,1
7,1.0,0.0,0.455301281472935,1
8,1.0,0.0,0.45500242961946136,1
9,1.0,0.0,0.4571515550009946,1
10,1.0,0.0,0.4553155827564226,1
11,1.0,0.0,0.45548245198425985,1
12,1.0,0.0,0.45483610206244107,1
13,1.0,0.0,0.4553841508031663,1
14,1.0,0.0,0.4551478258923395,1
15,1.0,0.0,0.4560617464515704,1
16,1.0,0.0,0.455818884748746,1
17,1.0,0.0,0.454910480051793,1
18,1.0,0.0,0.4551126076422144,1
19,1.0,0.0,0.45578602661479317,1
20,1.0,0.0,0.45676117058122223,1
21,1.0,0.0,0.45616064091876807,1
22,1.0,0.0,0.4561039753693642,1
23,1.0,0.0,0.4569326044027022,1
24,1.0,0.0,0.454818815148036,1
25,1.0,0.0,0.4567675468088418,1
26,1.0,0.0,0.45526915665117584,1
27,1.0,0.0,0.45609035805212617,1
28,1.0,0.0,0.4544886242783298,1
29,1.0,0.0,0.4557242930400992,1
30,1.0,0.0,0.45705572614847767,1
31,1.0,0.0,0.45534172581410504,1
32,1.0,0.0,0.4557392331410717,1
33,1.0,0.0,0.45363449616315243,1
34,1.0,0.0,0.45668558423210137,1
35,1.0,0.0,0.4568676500425215,1
36,1.0,0.0,0.4556230334518422,1
37,1.0,0.0,0.45346445641763433,1
38,1.0,0.0,0.45699586802304903,1
39,1.0,0.0,0.45565453687786617,1
40,1.0,0.0,0.4552790821975231,1
41,1.0,0.0,0.45642161586588437,1
42,1.0,0.0,0.4563673604021835,1
43,1.0,0.0,0.45597207353074565,1
44,1.0,0.0,0.45401438093487156,1
45,1.0,0.0,0.45546723596180394,1
46,1.0,0.0,0.456469797829092,1
47,1.0,0.0,0.4540118295741642,1
48,1.0,0.0,0.45515172037499263,1
49,1.0,0.0,0.45579225577492444,1
50,1.0,0.0,0.4556727140181208,1
51,1.0,0.0,0.4561633959899182,1
52,1.0,0.0,0.4561617832169126,1
53,1.0,0.0,0.45536027187321115,1
54,1.0,0.0,0.45647146125251814,1
55,1.0,0.0,0.4561550367556655,1
56,1.0,0.0,0.45590035172698673,1
57,1.0,0.0,0.45503756742074597,1
58,1.0,0.0,0.4538029062705303,1
59,1.0,0.0,0.4553296392632018,1
60,1.0,0.0,0.456442854178988,1
61,1.0,0.0,0.4573429968722734,1
62,1.0,0.0,0.4562335050048212,1
63,1.0,0.0,0.4560054712570062,1
64,1.0,0.0,0.45693357505639154,1
65,1.0,0.0,0.45492744346802094,1
66,1.0,0.0,0.45658631216875467,1
67,1.0,0.0,0.4575507516290369,1
68,1.0,0.0,0.4557584721422866,1
69,1.0,0.0,0.4558069716745463,1
70,1.0,0.0,0.45509323903756005,1
71,1.0,0.0,0.4561477271751322,1
72,1.0,0.0,0.4563283991962548,1
73,1.0,0.0,0.45667176093913475,1
74,1.0,0.0,0.4552038275852308,1
75,1.0,0.0,0.4548049368581526,1
76,1.0,0.0,0.45599220279793506,1
77,1.0,0.0,0.45693219077794733,1
78,1.0,0.0,0.45671864027353026,1
79,1.0,0.0,0.4547144600850538,1
80,1.0,0.0,0.4549570335892288,1
81,1.0,0.0,0.4561015860158467,1
82,1.0,0.0,0.45551629888738876,1
83,1.0,0.0,0.45579104905972434,1
84,1.0,0.0,0.45559719427808065,1
85,1.0,0.0,0.45596677000787755,1
86,1.0,0.0,0.45578938984405404,1
87,1.0,0.0,0.45595018329427783,1
88,1.0,0.0,0.45571366421476545,1
89,1.0,0.0,0.4559263163094871,1
90,1.0,0.0,0.4551357436580099,1
91,1.0,0.0,0.45693118922834575,1
92,1.0,0.0,0.45459504887817914,1
93,1.0,0.0,0.45388717605984596,1
94,1.0,0.0,0.4558744476720683,1
95,1.0,0.0,0.4565758211371833,1
96,1.0,0.0,0.4543000708969709,1
97,1.0,0.0,0.45638563805781684,1
98,1.0,0.0,0.45415023783371167,1
99,1.0,0.0,0.4544310321130315,1
100,1.0,0.0,0.45513831494797874,1
101,1.0,0.0,0.45494063413476027,1
102,1.0,0.0,0.4551437066219477,1
103,1.0,0.0,0.4565119794621013,1
104,1.0,0.0,0.4564807791738814,1
105,1.0,0.0,0.45749923535899006,1
106,1.0,0.0,0.45600308505372167,1
107,1.0,0.0,0.4557278048314043,1
108,1.0,0.0,0.4570237279425574,1
109,1.0,0.0,0.45488128547000284,1
110,1.0,0.0,0.4544869944742975,1
111,1.0,0.0,0.45579256234086296,1
112,1.0,0.0,0.4555430661127827,1
113,1.0,0.0,0.45516448370786344,1
114,1.0,0.0,0.4572678836175085,1
115,1.0,0.0,0.45642966464220525,1
116,1.0,0.0,0.45533809576868867,1
117,1.0,0.0,0.45585189796776016,1
118,1.0,0.0,0.455384251747598,1
119,1.0,0.0,0.4552302327937202,1
120,1.0,0.0,0.45505396221058714,1
121,1.0,0.0,0.45536334950180124,1
122,1.0,0.0,0.45635680019256,1
123,1.0,0.0,0.45630891202629387,1
124,1.0,0.0,0.4553375854490248,1
125,1.0,0.0,0.45722980486202547,1
126,1.0,0.0,0.455175496181938,1
127,1.0,0.0,0.45629704164790486,1
128,1.0,0.0,0.45665071253854383,1
129,1.0,0.0,0.4551195438774065,1
130,1.0,0.0,0.4558922950770983,1
131,1.0,0.0,0.45603415995839014,1
132,1.0,0.0,0.4562138822976216,1
133,1.0,0.0,0.4561646321115972,1
134,1.0,0.0,0.45634465769211185,1
135,1.0,0.0,0.4555922593905519,1
136,1.0,0.0,0.4561587486848814,1
137,1.0,0.0,0.45572154389330577,1
138,1.0,0.0,0.45749234091028124,1
139,1.0,0.0,0.45589129920848503,1
140,1.0,0.0,0.45590570267976005,1
141,1.0,0.0,0.4551409009821301,1
142,1.0,0.0,0.4560333630768656,1
143,1.0,0.0,0.4551403087814855,1
144,1.0,0.0,0.4550448778145598,1
145,1.0,0.0,0.45595407630741147,1
146,1.0,0.0,0.45609658434665556,1
147,1.0,0.0,0.45525378736663424,1
148,1.0,0.0,0.455478859747807,1
149,1.0,0.0,0.4558459492174256,1
150,1.0,0.0,0.45631416329169416,1
151,1.0,0.0,0.45611657827278274,1
152,1.0,0.0,0.4547921767625126,1
153,1.0,0.0,0.45490634529225005,1
154,1.0,0.0,0.45536135943672473,1
155,1.0,0.0,0.45535435453908857,1
156,1.0,0.0,0.4576070368719011,1
157,1.0,0.0,0.4543981693536622,1
158,1.0,0.0,0.456697012391174,1
159,1.0,0.0,0.45456138743245,1
160,1.0,0.0,0.4552312363218022,1
161,1.0,0.0,0.4551797598591161,1
162,1.0,0.0,0.45576267716318786,1
163,1.0,0.0,0.45662130623457,1
164,1.0,0.0,0.45597326127940907,1
165,1.0,0.0,0.45555419392276575,1
166,1.0,0.0,0.4552772518966799,1
167,1.0,0.0,0.4552167220394644,1
168,1.0,0.0,0.45676019129380796,1
169,1.0,0.0,0.4565029031106451,1
170,1.0,0.0,0.45615868443969143,1
171,1.0,0.0,0.4553395602702802,1
172,1.0,0.0,0.4545601526756182,1
173,1.0,0.0,0.45383712904516815,1
174,1.0,0.0,0.45473649312851216,1
175,1.0,0.0,0.4555483711053163,1
176,1.0,0.0,0.4558471300619781,1
177,1.0,0.0,0.4539504765623581,1
178,1.0,0.0,0.4564203367124158,1
179,1.0,0.0,0.4563478421533108,1
180,1.0,0.0,0.4563567956882516,1
181,1.0,0.0,0.4571046122303031,1
182,1.0,0.0,0.45637724839754423,1
183,1.0,0.0,0.4550522243871895,1
184,1.0,0.0,0.4556890462576553,1
185,1.0,0.0,0.456169318971428,1
186,1.0,0.0,0.4562385669372505,1
187,1.0,0.0,0.4555031869956432,1
188,1.0,0.0,0.4563486498173027,1
189,1.0,0.0,0.4545334537493285,1
190,1.0,0.0,0.4559290316934108,1
191,1.0,0.0,0.4568994665028048,1
192,1.0,0.0,0.45521141184981784,1
193,1.0,0.0,0.45702818559481884,1
194,1.0,0.0,0.454685208464473,1
195,1.0,0.0,0.4547340628412039,1
196,1.0,0.0,0.45612584143975077,1
197,1.0,0.0,0.45598974943850623,1
198,1.0,0.0,0.45528257736595734,1
199,1.0,0.0,0.4561193215976591,1
200,1.0,0.0,0.45501672912943203,1
201,1.0,0.0,0.4558102210259919,1
202,1.0,0.0,0.45648113699108395,1
203,1.0,0.0,0.4557870461570922,1
204,1.0,0.0,0.45577144301434525,1
205,1.0,0.0,0.45664642518336807,1
206,1.0,0.0,0.45569427575098576,1
207,1.0,0.0,0.45482638101957484,1
208,1.0,0.0,0.4564083541252225,1
209,1.0,0.0,0.45507167676857263,1
210,1.0,0.0,0.45613878449144585,1
211,1.0,0.0,0.4568860623601516,1
212,1.0,0.0,0.45663148071884296,1
213,1.0,0.0,0.45528837792452903,1
214,1.0,0.0,0.45563661946922396,1
215,1.0,0.0,0.45570718371377417,1
216,1.0,0.0,0.4559284988050596,1
217,1.0,0.0,0.45475162739029895,1
218,1.0,0.0,0.4552831851279934,1
219,1.0,0.0,0.45440929619746195,1
220,1.0,0.0,0.4558171972571977,1
221,1.0,0.0,0.4552104990688568,1
222,1.0,0.0,0.45584215617986124,1
223,1.0,0.0,0.4571050521095895,1
224,1.0,0.0,0.45608326738284355,1
225,1.0,0.0,0.4554416991722745,1
226,1.0,0.0,0.4570331631883562,1
227,1.0,0.0,0.4560998167742849,1
228,1.0,0.0,0.45576971732979066,1
229,1.0,0.0,0.45595287850267574,1
230,1.0,0.0,0.4546911282961986,1
231,1.0,0.0,0.4553007521281007,1
232,1.0,0.0,0.4546052399758982,1
233,1.0,0.0,0.45528929676334073,1
234,1.0,0.0,0.45517626325342886,1
235,1.0,0.0,0.4538979094453258,1
236,1.0,0.0,0.45487736724392835,1
237,1.0,0.0,0.4551598357407355,1
238,1.0,0.0,0.45633792521377337,1
239,1.0,0.0,0.4536564680079467,1
240,1.0,0.0,0.4560737934335596,1
241,1.0,0.0,0.4555123194449868,1
242,1.0,0.0,0.45499670452021523,1
243,1.0,0.0,0.45545647443082504,1
244,1.0,0.0,0.45538332646719837,1
245,1.0,0.0,0.4539114169016406,1
246,1.0,0.0,0.45667191778129257,1
247,1.0,0.0,0.45504495771853704,1
248,1.0,0.0,0.4557938064930994,1
249,1.0,0.0,0.45460932948052135,1
250,1.0,0.0,0.4560758412752416,1
251,1.0,0.0,0.4553412233600693,1
252,1.0,0.0,0.4557631486971918,1
253,1.0,0.0,0.4556163652932568,1
254,1.0,0.0,0.45661778194626135,1
255,1.0,0.0,0.45446212357349636,1
256,1.0,0.0,0.4568647195603551,1
257,1.0,0.0,0.45724017001107475,1
258,1.0,0.0,0.4561597388997487,1
259,1.0,0.0,0.4544963894468156,1
260,1.0,0.0,0.4553825549836644,1
261,1.0,0.0,0.4564784723728277,1
262,1.0,0.0,0.45405655177448845,1
263,1.0,0.0,0.45758734245160004,1
264,1.0,0.0,0.4560839928049806,1
265,1.0,0.0,0.4568806381083178,1
266,1.0,0.0,0.4563550943661271,1
267,1.0,0.0,0.45536971998888165,1
268,1.0,0.0,0.45694467256931015,1
269,1.0,0.0,0.45599625217014683,1
270,1.0,0.0,0.4549627100573317,1
271,1.0,0.0,0.4570212274978619,1
272,1.0,0.0,0.45573473251744145,1
273,1.0,0.0,0.4557586863657703,1
274,1.0,0.0,0.45484705552715365,1
275,1.0,0.0,0.45333853670431457,1
276,1.0,0.0,0.456097545307272,1
277,1.0,0.0,0.4552173842881704,1
278,1.0,0.0,0.45571428961638294,1
279,1.0,0.0,0.45375159713698243,1
280,1.0,0.0,0.4558233857008398,1
281,1.0,0.0,0.4572109482172475,1
282,1.0,0.0,0.4567678128054712,1
283,1.0,0.0,0.4567603621717785,1
284,1.0,0.0,0.45449491784425144,1
285,1.0,0.0,0.45534322823199513,1
286,1.0,0.0,0.45617430244737645,1
287,1.0,0.0,0.45457009470430165,1
288,1.0,0.0,0.4563272479293522,1
289,1.0,0.0,0.4563847973262808,1
290,1.0,0.0,0.4555165371248431,1
291,1.0,0.0,0.4552671764628369,1
292,1.0,0.0,0.4560132453148562,1
293,1.0,0.0,0.4567568188840744,1
294,1.0,0.0,0.456343485428633,1
295,1.0,0.0,0.45618168641208534,1
296,1.0,0.0,0.4556559489797184,1
297,1.0,0.0,0.4567393007785645,1
298,1.0,0.0,0.45671650653384976,1
299,1.0,0.0,0.4554102990658123,1
300,1.0,0.0,0.4543091439794471,1
301,1.0,0.0,0.4572923282973387,1
302,1.0,0.0,0.4553760068107401,1
303,1.0,0.0,0.4557108790412302,1
304,1.0,0.0,0.4567333556934994,1
305,1.0,0.0,0.45567809152868544,1
306,1.0,0.0,0.45497405528352064,1
307,1.0,0.0,0.4545953884065943,1
308,1.0,0.0,0.45537012709700253,1
309,1.0,0.0,0.45463764160339104,1
310,1.0,0.0,0.45583334988349966,1
311,1.0,0.0,0.4545759227312399,1
312,1.0,0.0,0.4562853114051397,1
313,1.0,0.0,0.45592559204508964,1
314,1.0,0.0,0.4571111595682288,1
315,1.0,0.0,0.45568113707677915,1
316,1.0,0.0,0.454208983732757,1
317,1.0,0.0,0.45396526030759476,1
318,1.0,0.0,0.4556688909870824,1
319,1.0,0.0,0.4550375095149236,1
320,1.0,0.0,0.4556859447406023,1
321,1.0,0.0,0.4551482597608908,1
322,1.0,0.0,0.4547909430082395,1
323,1.0,0.0,0.4557088037953826,1
324,1.0,0.0,0.45673210485923754,1
325,1.0,0.0,0.4572905083771326,1
326,1.0,0.0,0.45427699750651307,1
327,1.0,0.0,0.45620956368348153,1
328,1.0,0.0,0.45563284341370913,1
329,1.0,0.0,0.45761756494380157,1
330,1.0,0.0,0.45668857089288717,1
331,1.0,0.0,0.4558680812241802,1
332,1.0,0.0,0.45635219145573636,1
333,1.0,0.0,0.4564173523598166,1
334,1.0,0.0,0.45596268792571215,1
335,1.0,0.0,0.45564527820793144,1
336,1.0,0.0,0.45547787941429796,1
337,1.0,0.0,0.45711862887823507,1
338,1.0,0.0,0.4556221216065528,1
339,1.0,0.0,0.456734497071141,1
340,1.0,0.0,0.45410945498332056,1
341,1.0,0.0,0.45610422559226815,1
342,1.0,0.0,0.4555462838148908,1
343,1.0,0.0,0.4552013887328141,1
344,1.0,0.0,0.45522804290519503,1
345,1.0,0.0,0.4566555575689861,1
346,1.0,0.0,0.45492258578693023,1
347,1.0,0.0,0.4555676225572215,1
348,1.0,0.0,0.45615308808214383,1
349,1.0,0.0,0.45532133236832373,1
350,1.0,0.0,0.4536699098767113,1
351,1.0,0.0,0.4556498407562627,1
352,1.0,0.0,0.45531917473367134,1
353,1.0,0.0,0.4539240889941417,1
354,1.0,0.0,0.4556068790077722,1
355,1.0,0.0,0.45419474461159537,1
356,1.0,0.0,0.45578838818100464,1
357,1.0,0.0,0.4559351388478923,1
358,1.0,0.0,0.4563227460948832,1
359,1.0,0.0,0.45650996480793615,1
360,1.0,0.0,0.4560135524973544,1
361,1.0,0.0,0.4568625468011366,1
362,1.0,0.0,0.4547052200957302,1
363,1.0,0.0,0.4554236543187796,1
364,1.0,0.0,0.4559199971589667,1
365,1.0,0.0,0.45631029882007856,1
366,1.0,0.0,0.45720908671542826,1
367,1.0,0.0,0.4561263060092534,1
368,1.0,0.0,0.4563178040953455,1
369,1.0,0.0,0.4555261897166287,1
370,1.0,0.0,0.4556190743034555,1
371,1.0,0.0,0.45680666496349887,1
372,1.0,0.0,0.4552665571345571,1
373,1.0,0.0,0.45676827691566957,1
374,1.0,0.0,0.45601959614296583,1
375,1.0,0.0,0.4551370932199522,1
376,1.0,0.0,0.45540026102293296,1
377,1.0,0.0,0.45637345381770233,1
378,1.0,0.0,0.45514615698635597,1
379,1.0,0.0,0.455280237173164,1
380,1.0,0.0,0.45621355612765024,1
381,1.0,0.0,0.4559929074578861,1
382,1.0,0.0,0.45637224555461664,1
383,1.0,0.0,0.45482296989565485,1
384,1.0,0.0,0.4565698990797693,1
385,1.0,0.0,0.4570711228086938,1
386,1.0,0.0,0.45614874749912737,1
387,1.0,0.0,0.4552050335304568,1
388,1.0,0.0,0.4563251491872865,1
389,1.0,0.0,0.454417090671588,1
390,1.0,0.0,0.4566160183526661,1
391,1.0,0.0,0.45494611296875065,1
392,1.0,0.0,0.4551382506720003,1
393,1.0,0.0,0.45641888926934715,1
394,1.0,0.0,0.45368487382594813,1
395,1.0,0.0,0.4556621032062502,1
396,1.0,0.0,0.45458011798370157,1
397,1.0,0.0,0.4543979551013838,1
398,1.0,0.0,0.4560498614192108,1
399,1.0,0.0,0.4545366577990476,1
400,1.0,0.0,0.4554878364976267,1
401,1.0,0.0,0.45465748731800293,1
402,1.0,0.0,0.454631554121637,1
403,1.0,0.0,0.4563860917528527,1
404,1.0,0.0,0.45412893327558523,1
405,1.0,0.0,0.45577265795240207,1
406,1.0,0.0,0.4565862027443094,1
407,1.0,0.0,0.4543169893329635,1
408,1.0,0.0,0.4564450160342599,1
409,1.0,0.0,0.4554362925034172,1
410,1.0,0.0,0.4552062318027965,1
411,1.0,0.0,0.4557395972947885,1
412,1.0,0.0,0.4545451616737579,1
413,1.0,0.0,0.4557907994023612,1
414,1.0,0.0,0.4565772830760164,1
415,1.0,0.0,0.4543579543013111,1
416,1.0,0.0,0.45544271352375865,1
417,1.0,0.0,0.4556739912868163,1
418,1.0,0.0,0.45644936787250423,1
419,1.0,0.0,0.45601613189016954,1
420,1.0,0.0,0.45493260036701655,1
421,1.0,0.0,0.45464665511936997,1
422,1.0,0.0,0.456068234518902,1
423,1.0,0.0,0.45564701471330593,1
424,1.0,0.0,0.4549043229605402,1
425,1.0,0.0,0.4566917920641884,1
426,1.0,0.0,0.45573124446845836,1
427,1.0,0.0,0.4552437545557346,1
428,1.0,0.0,0.45520249033152516,1
429,1.0,0.0,0.455296244318252,1
430,1.0,0.0,0.4565033481712192,1
431,1.0,0.0,0.4555385407665973,1
432,1.0,0.0,0.4556082857305702,1
433,1.0,0.0,0.45573752497332587,1
434,1.0,0.0,0.45627673917302136,1
435,1.0,0.0,0.4546789376535564,1
436,1.0,0.0,0.45598880467016045,1
437,1.0,0.0,0.45584357359259786,1
438,1.0,0.0,0.45665963808655263,1
439,1.0,0.0,0.454731821844346,1
440,1.0,0.0,0.4554836500692595,1
441,1.0,0.0,0.4574446637123186,1
442,1.0,0.0,0.4551352975685682,1
443,1.0,0.0,0.45422053846886357,1
444,1.0,0.0,0.45446938701646156,1
445,1.0,0.0,0.4566470169584357,1
446,1.0,0.0,0.45475190276430644,1
447,1.0,0.0,0.45481757809750323,1
448,1.0,0.0,0.4542425963794817,1
449,1.0,0.0,0.4553280178188528,1
450,1.0,0.0,0.453536322493829,1
451,1.0,0.0,0.4549724980583114,1
452,1.0,0.0,0.4560596999919385,1
453,1.0,0.0,0.45588471832990674,1
454,1.0,0.0,0.4557162056777574,1
455,1.0,0.0,0.45547749968216567,1
456,1.0,0.0,0.4546318453658629,1
457,1.0,0.0,0.4551715999105578,1
458,1.0,0.0,0.45553384880431036,1
459,1.0,0.0,0.4571463679250767,1
460,1.0,0.0,0.4571687215354089,1
461,1.0,0.0,0.45538803194473765,1
462,1.0,0.0,0.45694775325408143,1
463,1.0,0.0,0.45602083471878674,1
464,1.0,0.0,0.4566493771077035,1
465,1.0,0.0,0.4551993954985716,1
466,1.0,0.0,0.4566093744225447,1
467,1.0,0.0,0.4541140553316594,1
468,1.0,0.0,0.457444668126218,1
469,1.0,0.0,0.4570031715999855,1
470,1.0,0.0,0.45608888327633756,1
471,1.0,0.0,0.45473249730030285,1
472,1.0,0.0,0.4558102150421034,1
473,1.0,0.0,0.45591132706625714,1
474,1.0,0.0,0.4563655323142365,1
475,1.0,0.0,0.4570905364782528,1
476,1.0,0.0,0.4542854203999186,1
477,1.0,0.0,0.4560661562574394,1
478,1.0,0.0,0.4569704096247126,1
479,1.0,0.0,0.4570259454668115,1
480,1.0,0.0,0.4552183415840466,1
481,1.0,0.0,0.45711139811585344,1
482,1.0,0.0,0.45693538939203704,1
483,1.0,0.0,0.45554021025356883,1
484,1.0,0.0,0.45684963192667427,1
485,1.0,0.0,0.456516998954858,1
486,1.0,0.0,0.45555066706250347,1
487,1.0,0.0,0.4552564586728448,1
488,1.0,0.0,0.45731835038318613,1
489,1.0,0.0,0.45624400038225055,1
490,1.0,0.0,0.45354703614299086,1
491,1.0,0.0,0.4558596195015667,1
492,1.0,0.0,0.45444482401469066,1
493,1.0,0.0,0.45449644077805196,1
494,1.0,0.0,0.455073578883631,1
495,1.0,0.0,0.45481795894269494,1
496,1.0,0.0,0.4551419958806491,1
497,1.0,0.0,0.45513635790583973,1
498,1.0,0.0,0.4546869786591706,1
499,1.0,0.0,0.45634068477344536,1
500,1.0,0.0,0.45719224877711606,1
501,1.0,0.0,0.45503350706035073,1
502,1.0,0.0,0.45390440939062004,1
503,1.0,0.0,0.45619107740264075,1
504,1.0,0.0,0.455750810608861,1
505,1.0,0.0,0.45643635888238054,1
506,1.0,0.0,0.4557395949983212,1
507,1.0,0.0,0.4567675516596954,1
508,1.0,0.0,0.4557209092022757,1
509,1.0,0.0,0.45669389491398105,1
510,1.0,0.0,0.45388606789872366,1
511,1.0,0.0,0.454830840151783,1
512,1.0,0.0,0.4571561731432887,1
513,1.0,0.0,0.45491947083254947,1
514,1.0,0.0,0.4554189125543734,1
515,1.0,0.0,0.455972003219999,1
516,1.0,0.0,0.45675690465679164,1
517,1.0,0.0,0.45604425415221783,1
518,1.0,0.0,0.45603825267740405,1
519,1.0,0.0,0.4561891327794244,1
520,1.0,0.0,0.455583150101707,1
521,1.0,0.0,0.4552356629914698,1
522,1.0,0.0,0.45691584381347916,1
523,1.0,0.0,0.4565820304254393,1
524,1.0,0.0,0.45605542265135723,1
525,1.0,0.0,0.4562682296670174,1
526,1.0,0.0,0.4557719788848339,1
527,1.0,0.0,0.45464209221136787,1
528,1.0,0.0,0.4574778951336689,1
529,1.0,0.0,0.456414215640356,1
530,1.0,0.0,0.45710110340848853,1
531,1.0,0.0,0.4578364565103844,1
532,1.0,0.0,0.4553640227328025,1
533,1.0,0.0,0.4564613068672444,1
534,1.0,0.0,0.45566383111508446,1
535,1.0,0.0,0.4547918839824222,1
536,1.0,0.0,0.4560606874168561,1
537,1.0,0.0,0.45616313481732307,1
538,1.0,0.0,0.45666765198779846,1
539,1.0,0.0,0.4552914809659139,1
540,1.0,0.0,0.4566588906707001,1
541,1.0,0.0,0.45596635246911776,1
542,1.0,0.0,0.4558398732947162,1
543,1.0,0.0,0.45620479877076703,1
544,1.0,0.0,0.4544489754676879,1
545,1.0,0.0,0.45600698355252955,1
546,1.0,0.0,0.4555926966339777,1
547,1.0,0.0,0.4559038173570623,1
548,1.0,0.0,0.45721984807095173,1
549,1.0,0.0,0.45537980800153277,1
550,1.0,0.0,0.4552437031441149,1
551,1.0,0.0,0.45521916076814295,1
552,1.0,0.0,0.45392732381108114,1
553,1.0,0.0,0.4548989079475402,1
554,1.0,0.0,0.4545799726005474,1
555,1.0,0.0,0.4556576019482953,1
556,1.0,0.0,0.45591398372017966,1
557,1.0,0.0,0.4557364178826363,1
558,1.0,0.0,0.45446513897601104,1
559,1.0,0.0,0.4542258274035297,1
560,1.0,0.0,0.456161196354296,1
561,1.0,0.0,0.45430734047701327,1
562,1.0,0.0,0.45614112651058547,1
563,1.0,0.0,0.4552347419293423,1
564,1.0,0.0,0.4562678615552439,1
565,1.0,0.0,0.4567304006442364,1
566,1.0,0.0,0.45449136700286463,1
567,1.0,0.0,0.45415640042254635,1
568,1.0,0.0,0.455071166656259,1
569,1.0,0.0,0.45404689856369096,1
570,1.0,0.0,0.45376415899212996,1
571,1.0,0.0,0.4545995607171315,1
572,1.0,0.0,0.4549557251634929,1
573,1.0,0.0,0.45588854337267526,1
574,1.0,0.0,0.4559336365378156,1
575,1.0,0.0,0.4555590498816877,1
576,1.0,0.0,0.4570346179057513,1
577,1.0,0.0,0.45731182663629,1
578,1.0,0.0,0.45738818930906333,1
579,1.0,0.0,0.4556287964923825,1
580,1.0,0.0,0.45586012576700563,1
581,1.0,0.0,0.4568109142264698,1
582,1.0,0.0,0.4552327166403529,1
583,1.0,0.0,0.4561577643185206,1
584,1.0,0.0,0.45577859460793657,1
585,1.0,0.0,0.45521463039516474,1
586,1.0,0.0,0.4535703538611755,1
587,1.0,0.0,0.45409092001531426,1
588,1.0,0.0,0.4560234569211358,1
589,1.0,0.0,0.45522556639235034,1
590,1.0,0.0,0.4563771036770925,1
591,1.0,0.0,0.455318433000496,1
592,1.0,0.0,0.45619853996992754,1
593,1.0,0.0,0.4564599149477925,1
594,1.0,0.0,0.4547365928613549,1
595,1.0,0.0,0.4554857173799961,1
596,1.0,0.0,0.4555226889666808,1
597,1.0,0.0,0.45669942638109384,1
598,1.0,0.0,0.456359040783624,1
599,1.0,0.0,0.4584077749499078,1
600,1.0,0.0,0.45534877711961175,1
601,1.0,0.0,0.4574036962763339,1
602,1.0,0.0,0.45640042514412593,1
603,1.0,0.0,0.4557268048628882,1
604,1.0,0.0,0.4573533073821585,1
605,1.0,0.0,0.45483439958556415,1
606,1.0,0.0,0.45553346641487147,1
607,1.0,0.0,0.45526413931515985,1
608,1.0,0.0,0.45683720476742795,1
609,1.0,0.0,0.4561045823977897,1
610,1.0,0.0,0.4557655787799083,1
611,1.0,0.0,0.45581018746425594,1
612,1.0,0.0,0.45569799594943594,1
613,1.0,0.0,0.456237091816572,1
614,1.0,0.0,0.4561891830323491,1
615,1.0,0.0,0.4552602770712819,1
616,1.0,0.0,0.45589408825380107,1
617,1.0,0.0,0.4561553462820299,1
618,1.0,0.0,0.45566082767786986,1
619,1.0,0.0,0.45650017408258714,1
620,1.0,0.0,0.4545384156872041,1
621,1.0,0.0,0.4548407666589245,1
622,1.0,0.0,0.4558812650932874,1
623,1.0,0.0,0.4557431545872155,1
624,1.0,0.0,0.45588215823563727,1
625,1.0,0.0,0.45523072272335496,1
626,1.0,0.0,0.4570271450598776,1
627,1.0,0.0,0.45543775158150546,1
628,1.0,0.0,0.4551367208779644,1
629,1.0,0.0,0.4555348945624301,1
630,1.0,0.0,0.45621372272657124,1
631,1.0,0.0,0.45684880592345156,1
632,1.0,0.0,0.4554834878896673,1
633,1.0,0.0,0.45530067954725073,1
634,1.0,0.0,0.45591044904713185,1
635,1.0,0.0,0.455922841678982,1
636,1.0,0.0,0.4563020754934427,1
637,1.0,0.0,0.4547003473931067,1
638,1.0,0.0,0.4555668252096322,1
639,1.0,0.0,0.4568583166467225,1
640,1.0,0.0,0.45619731965100596,1
641,1.0,0.0,0.4561507066534487,1
642,1.0,0.0,0.455500445708914,1
643,1.0,0.0,0.45649780133837536,1
644,1.0,0.0,0.45488719425425583,1
645,1.0,0.0,0.4549636768818457,1
646,1.0,0.0,0.4575586387676125,1
647,1.0,0.0,0.45504369549084434,1
648,1.0,0.0,0.4564758649753946,1
649,1.0,0.0,0.45410278713249275,1
650,1.0,0.0,0.45697048421326303,1
651,1.0,0.0,0.4551631018086324,1
652,1.0,0.0,0.4548341054120103,1
653,1.0,0.0,0.45481139742527243,1
654,1.0,0.0,0.45470161803996734,1
655,1.0,0.0,0.4551438055232039,1
656,1.0,0.0,0.4556605600306648,1
657,1.0,0.0,0.45602571212528764,1
658,1.0,0.0,0.4570585953015597,1
659,1.0,0.0,0.4553542595025868,1
660,1.0,0.0,0.4547207678427987,1
661,1.0,0.0,0.455504523706902,1
662,1.0,0.0,0.4553186312850771,1
663,1.0,0.0,0.45476224535172793,1
664,1.0,0.0,0.45710384643426594,1
665,1.0,0.0,0.45348631840112674,1
666,1.0,0.0,0.45442772218328453,1
667,1.0,0.0,0.4547576100407418,1
668,1.0,0.0,0.4554856029492126,1
669,1.0,0.0,0.4550147622527049,1
670,1.0,0.0,0.4529824603498822,1
671,1.0,0.0,0.4578992331855569,1
672,1.0,0.0,0.45548674155892843,1
673,1.0,0.0,0.4554301886043881,1
674,1.0,0.0,0.45627056774135577,1
675,1.0,0.0,0.45741356312498627,1
676,1.0,0.0,0.4554964877667609,1
677,1.0,0.0,0.4563150617320336,1
678,1.0,0.0,0.45634167636042877,1
679,1.0,0.0,0.4551706979881124,1
680,1.0,0.0,0.45695008315633845,1
681,1.0,0.0,0.4571070943362877,1
682,1.0,0.0,0.4561702845756913,1
683,1.0,0.0,0.45681086824957784,1
684,1.0,0.0,0.45554820606844126,1
685,1.0,0.0,0.45616556633844974,1
686,1.0,0.0,0.4563279899298526,1
687,1.0,0.0,0.45545679562700914,1
688,1.0,0.0,0.45516321459444475,1
689,1.0,0.0,0.4546137407780172,1
690,1.0,0.0,0.4539209537335861,1
691,1.0,0.0,0.4555641459957579,1
692,1.0,0.0,0.4557078856103711,1
693,1.0,0.0,0.45736227670376595,1
694,1.0,0.0,0.4541762322139684,1
695,1.0,0.0,0.4553312958269633,1
696,1.0,0.0,0.4566143935970354,1
697,1.0,0.0,0.4556298521976485,1
698,1.0,0.0,0.4556454615076726,1
699,1.0,0.0,0.45785398693121715,1
700,1.0,0.0,0.4542060362328403,1
701,1.0,0.0,0.4567700326647002,1
702,1.0,0.0,0.4554701716490145,1
703,1.0,0.0,0.4553672558640214,1
704,1.0,0.0,0.45569379582552294,1
705,1.0,0.0,0.4567196006081323,1
706,1.0,0.0,0.4550678967424676,1
707,1.0,0.0,0.4565341967040608,1
708,1.0,0.0,0.456089939678359,1
709,1.0,0.0,0.4546795673673901,1
710,1.0,0.0,0.4556695387049433,1
711,1.0,0.0,0.4556066339042426,1
712,1.0,0.0,0.4548672823804728,1
713,1.0,0.0,0.4558258619035013,1
714,1.0,0.0,0.4557943192023396,1
715,1.0,0.0,0.45642687864493603,1
716,1.0,0.0,0.45382089721998276,1
717,1.0,0.0,0.45484800591225427,1
718,1.0,0.0,0.4548403353925139,1
719,1.0,0.0,0.4566274697701751,1
720,1.0,0.0,0.45556559085482773,1
721,1.0,0.0,0.4555464344269541,1
722,1.0,0.0,0.4550513269209141,1
723,1.0,0.0,0.45610624027709246,1
724,1.0,0.0,0.4555084939083115,1
725,1.0,0.0,0.45522085228543807,1
726,1.0,0.0,0.454849214538696,1
727,1.0,0.0,0.45661184071512095,1
728,1.0,0.0,0.45584947876515025,1
729,1.0,0.0,0.4550366291369847,1
730,1.0,0.0,0.45550445861974176,1
731,1.0,0.0,0.45611305353493536,1
732,1.0,0.0,0.4552899279644853,1
733,1.0,0.0,0.45722015010399397,1
734,1.0,0.0,0.45545254806515767,1
735,1.0,0.0,0.4541200798214339,1
736,1.0,0.0,0.4560059299056448,1
737,1.0,0.0,0.4558301117954279,1
738,1.0,0.0,0.45619536030174956,1
739,1.0,0.0,0.4551684912414845,1
740,1.0,0.0,0.45634583051881805,1
741,1.0,0.0,0.45605998437594086,1
742,1.0,0.0,0.45400608930552033,1
743,1.0,0.0,0.45532534094966826,1
744,1.0,0.0,0.45560835253896714,1
745,1.0,0.0,0.455193255280263,1
746,1.0,0.0,0.4549948426741586,1
747,1.0,0.0,0.45534543923867743,1
748,1.0,0.0,0.45572764797272747,1
749,1.0,0.0,0.45378479831111584,1
750,1.0,0.0,0.45625603202285736,1
751,1.0,0.0,0.4553121568715468,1
752,1.0,0.0,0.4558007253256414,1
753,1.0,0.0,0.4560630230420002,1
754,1.0,0.0,0.45540253829237476,1
755,1.0,0.0,0.4560271391085666,1
756,1.0,0.0,0.45573194302498765,1
757,1.0,0.0,0.4571813776421857,1
758,1.0,0.0,0.45678644499695464,1
759,1.0,0.0,0.4556246217468519,1
760,1.0,0.0,0.4553947396191642,1
761,1.0,0.0,0.4542072147971825,1
762,1.0,0.0,0.4555899444178446,1
763,1.0,0.0,0.45446676870296565,1
764,1.0,0.0,0.4560872753804128,1
765,1.0,0.0,0.4565646860275918,1
766,1.0,0.0,0.4569467643851226,1
767,1.0,0.0,0.4549857071316249,1
768,1.0,0.0,0.45509829529782186,1
769,1.0,0.0,0.4575098235011935,1
770,1.0,0.0,0.45705088350483913,1
771,1.0,0.0,0.4546491175716889,1
772,1.0,0.0,0.4560507932842509,1
773,1.0,0.0,0.4556714448615341,1
774,1.0,0.0,0.45635696083169475,1
775,1.0,0.0,0.4546440545707703,1
776,1.0,0.0,0.45634596864614185,1
777,1.0,0.0,0.4544806079819329,1
778,1.0,0.0,0.45482047450884433,1
779,1.0,0.0,0.4561760541081048,1
780,1.0,0.0,0.4551297778840002,1
781,1.0,0.0,0.4563227460120103,1
782,1.0,0.0,0.45599754007598825,1
783,1.0,0.0,0.4556008659268975,1
784,1.0,0.0,0.4560356252125348,1
785,1.0,0.0,0.45596845883436254,1
786,1.0,0.0,0.45642781538470645,1
787,1.0,0.0,0.45611914311736623,1
788,1.0,0.0,0.4546243695222113,1
789,1.0,0.0,0.45479590949503035,1
790,1.0,0.0,0.4557725611891138,1
791,1.0,0.0,0.45539810684321413,1
792,1.0,0.0,0.4559775591727484,1
793,1.0,0.0,0.45607411606026804,1
794,1.0,0.0,0.45467142119819126,1
795,1.0,0.0,0.45518659524629057,1
796,1.0,0.0,0.45497976872863366,1
797,1.0,0.0,0.45476351449999175,1
798,1.0,0.0,0.45539677906906884,1
799,1.0,0.0,0.45372078686576345,1
800,1.0,0.0,0.4558568475219169,1
801,1.0,0.0,0.4552964700055665,1
802,1.0,0.0,0.45678596741893107,1
803,1.0,0.0,0.4562373191774902,1
804,1.0,0.0,0.4555826318338463,1
805,1.0,0.0,0.4561023380036844,1
806,1.0,0.0,0.4559752979288273,1
807,1.0,0.0,0.4550589790081646,1
808,1.0,0.0,0.45583874135839586,1
809,1.0,0.0,0.45373607152908,1
810,1.0,0.0,0.45704999374927435,1
811,1.0,0.0,0.45500173371318975,1
812,1.0,0.0,0.455677067557684,1
813,1.0,0.0,0.45696294831118733,1
814,1.0,0.0,0.4566883685933619,1
815,1.0,0.0,0.45599876735641776,1
816,1.0,0.0,0.45497309274728714,1
817,1.0,0.0,0.4556331988084902,1
818,1.0,0.0,0.45616848344609695,1
819,1.0,0.0,0.4553218751350947,1
820,1.0,0.0,0.4568170120847008,1
821,1.0,0.0,0.4554884571764445,1
822,1.0,0.0,0.4562702078291381,1
823,1.0,0.0,0.45637005765028993,1
824,1.0,0.0,0.45504890305125056,1
825,1.0,0.0,0.45638598553088294,1
826,1.0,0.0,0.4561697766969819,1
827,1.0,0.0,0.4576892727308328,1
828,1.0,0.0,0.4547900797118102,1
829,1.0,0.0,0.45653504948101653,1
830,1.0,0.0,0.45487874203662837,1
831,1.0,0.0,0.45597194397057705,1
832,1.0,0.0,0.4551708052786305,1
833,1.0,0.0,0.4552831126642639,1
834,1.0,0.0,0.4558449411668314,1
835,1.0,0.0,0.45619915852552906,1
836,1.0,0.0,0.45685941410174824,1
837,1.0,0.0,0.45656814701725545,1
838,1.0,0.0,0.4543136935749016,1
839,1.0,0.0,0.45612407123526677,1
840,1.0,0.0,0.4558082394444283,1
841,1.0,0.0,0.45548711104433004,1
842,1.0,0.0,0.4561436516131606,1
843,1.0,0.0,0.45545186988067254,1
844,1.0,0.0,0.45494966172900464,1
845,1.0,0.0,0.4559418346811539,1
846,1.0,0.0,0.45475148831324486,1
847,1.0,0.0,0.4549253077129066,1
848,1.0,0.0,0.45541096943146575,1
849,1.0,0.0,0.45687220311730414,1
850,1.0,0.0,0.45624750117085255,1
851,1.0,0.0,0.4551184717618717,1
852,1.0,0.0,0.4552879352460494,1
853,1.0,0.0,0.45552649521180055,1
854,1.0,0.0,0.4550748980447291,1
855,1.0,0.0,0.4560301454892892,1
856,1.0,0.0,0.4563452478758089,1
857,1.0,0.0,0.4558660897382115,1
858,1.0,0.0,0.45512170605404456,1
859,1.0,0.0,0.45516824389071,1
860,1.0,0.0,0.45658319510130085,1
861,1.0,0.0,0.45713693097069885,1
862,1.0,0.0,0.4550019981910126,1
863,1.0,0.0,0.4569247223164613,1
864,1.0,0.0,0.45682702809059095,1
865,1.0,0.0,0.455382238014462,1
866,1.0,0.0,0.4545616748157991,1
867,1.0,0.0,0.4559614316049766,1
868,1.0,0.0,0.45631799384656213,1
869,1.0,0.0,0.45646152263155637,1
870,1.0,0.0,0.45609720129196707,1
871,1.0,0.0,0.4550903278333286,1
872,1.0,0.0,0.4551169456781894,1
873,1.0,0.0,0.4556548505959904,1
874,1.0,0.0,0.45561051130036023,1
875,1.0,0.0,0.45573371378954086,1
876,1.0,0.0,0.45652946596710553,1
877,1.0,0.0,0.4547581308664499,1
878,1.0,0.0,0.45352138905941364,1
879,1.0,0.0,0.4565025097171773,1
880,1.0,0.0,0.4550169405879302,1
881,1.0,0.0,0.4561382055044946,1
882,1.0,0.0,0.4553068598301132,1
883,1.0,0.0,0.4560360140462866,1
884,1.0,0.0,0.45682855510554454,1
885,1.0,0.0,0.4555734051385967,1
886,1.0,0.0,0.4548661510842398,1
887,1.0,0.0,0.4559389652151381,1
888,1.0,0.0,0.4558515572539522,1
889,1.0,0.0,0.4558343316369039,1
890,1.0,0.0,0.4566022953490392,1
891,1.0,0.0,0.4545393906863495,1
892,1.0,0.0,0.4564909647725294,1
893,1.0,0.0,0.4557607298209957,1
894,1.0,0.0,0.45472119032640534,1
895,1.0,0.0,0.4555898551356573,1
896,1.0,0.0,0.45561905369365596,1
897,1.0,0.0,0.454562273473594,1
898,1.0,0.0,0.4561250463543499,1
899,1.0,0.0,0.455092689141693,1
900,1.0,0.0,0.45655984014879347,1
901,1.0,0.0,0.45522657101947384,1
902,1.0,0.0,0.4552929560193665,1
903,1.0,0.0,0.4555871841596534,1
904,1.0,0.0,0.45610980882384156,1
905,1.0,0.0,0.4561263720195611,1
906,1.0,0.0,0.4529474875583791,1
907,1.0,0.0,0.45500931673621625,1
908,1.0,0.0,0.45512328351942277,1
909,1.0,0.0,0.45615761564822577,1
910,1.0,0.0,0.4550089379923363,1
911,1.0,0.0,0.45686518790854713,1
912,1.0,0.0,0.4558817102456577,1
913,1.0,0.0,0.4568540195863857,1
914,1.0,0.0,0.45630363420342257,1
915,1.0,0.0,0.45660055320016446,1
916,1.0,0.0,0.45367454248601846,1
917,1.0,0.0,0.45590676266611074,1
918,1.0,0.0,0.4549958361958466,1
919,1.0,0.0,0.45706409264527637,1
920,1.0,0.0,0.45497451744408846,1
921,1.0,0.0,0.4568334617077451,1
922,1.0,0.0,0.4561619823782228,1
923,1.0,0.0,0.4557489790812017,1
924,1.0,0.0,0.4545740415306785,1
925,1.0,0.0,0.4549340675195519,1
926,1.0,0.0,0.4544873750407721,1
927,1.0,0.0,0.45598396431302546,1
928,1.0,0.0,0.45590329901330084,1
929,1.0,0.0,0.45502683905034813,1
930,1.0,0.0,0.45611149121224115,1
931,1.0,0.0,0.45566321121881603,1
932,1.0,0.0,0.45517035600303635,1
933,1.0,0.0,0.45509811737723393,1
934,1.0,0.0,0.4557699228394725,1
935,1.0,0.0,0.4552425495739535,1
936,1.0,0.0,0.4535973643947365,1
937,1.0,0.0,0.4549876719377929,1
938,1.0,0.0,0.45573964936327704,1
939,1.0,0.0,0.45615757453439854,1
940,1.0,0.0,0.45459818337681657,1
941,1.0,0.0,0.45480787510105447,1
942,1.0,0.0,0.4543826692432372,1
943,1.0,0.0,0.4565233970228517,1
944,1.0,0.0,0.455931196321934,1
945,1.0,0.0,0.4551590149431127,1
946,1.0,0.0,0.45494668989084475,1
947,1.0,0.0,0.4560328385198602,1
948,1.0,0.0,0.45530199372893254,1
949,1.0,0.0,0.4552167489388781,1
950,1.0,0.0,0.45662025561876396,1
951,1.0,0.0,0.4562604790115754,1
952,1.0,0.0,0.45649524619353576,1
953,1.0,0.0,0.45477652863838214,1
954,1.0,0.0,0.45568525163460916,1
955,1.0,0.0,0.4541750485049695,1
956,1.0,0.0,0.4545872532913914,1
957,1.0,0.0,0.45560684961561926,1
958,1.0,0.0,0.45600917656502404,1
959,1.0,0.0,0.45433994224139396,1
960,1.0,0.0,0.45563412617544696,1
961,1.0,0.0,0.4570104978875489,1
962,1.0,0.0,0.4550186991609847,1
963,1.0,0.0,0.4560170791575757,1
964,1.0,0.0,0.45636305953283574,1
965,1.0,0.0,0.4555653159741505,1
966,1.0,0.0,0.456614850088468,1
967,1.0,0.0,0.4559024892594057,1
968,1.0,0.0,0.455077204966315,1
969,1.0,0.0,0.4564703409011125,1
970,1.0,0.0,0.4558602075445677,1
971,1.0,0.0,0.4558078540924396,1
972,1.0,0.0,0.45685269831953135,1
973,1.0,0.0,0.4562796292963335,1
974,1.0,0.0,0.45557826119258493,1
975,1.0,0.0,0.45615004765193323,1
976,1.0,0.0,0.45477729730843863,1
977,1.0,0.0,0.45554239973453814,1
978,1.0,0.0,0.4563237358611607,1
979,1.0,0.0,0.4550109035605078,1
980,1.0,0.0,0.4554476556481787,1
981,1.0,0.0,0.4569616501545173,1
982,1.0,0.0,0.45594976924558306,1
983,1.0,0.0,0.4555152811757003,1
984,1.0,0.0,0.45618766798040056,1
985,1.0,0.0,0.4570321751653884,1
986,1.0,0.0,0.4553565471537352,1
987,1.0,0.0,0.4580100345552732,1
988,1.0,0.0,0.45607469562074343,1
989,1.0,0.0,0.45532299796583575,1
990,1.0,0.0,0.45574522435483833,1
991,1.0,0.0,0.4569854810088464,1
992,1.0,0.0,0.4548849154143597,1
993,1.0,0.0,0.45528776509531876,1
994,1.0,0.0,0.45491367331285104,1
995,1.0,0.0,0.45346144625471707,1
996,1.0,0.0,0.4550780320926564,1
997,1.0,0.0,0.45488180910382536,1
998,1.0,0.0,0.45654096582030557,1
999,1.0,0.0,0.4562545201646181,1
1000,1.0,0.0,0.45649096539771006,1
