player,criterion,T,I,F
P1,C1,0.777777778,0.000000000,0.222222222
P1,C2,0.883370560,0.000000000,0.116629440
P1,C3,0.000000000,0.000000000,1.000000000
P1,C4,0.500000000,1.000000000,0.500000000
P1,C5,1.000000000,0.000000000,0.000000000
P1,C6,1.000000000,0.000000000,0.000000000
P1,C7,1.000000000,0.000000000,0.000000000
P1,C8,0.500000000,1.000000000,0.500000000
P1,C9,0.500000000,1.000000000,0.500000000
P1,C10,0.296968953,0.000000000,0.703031047
P1,C11,0.536175710,0.000000000,0.463824290
P1,C12,0.650165017,0.000000000,0.349834983
P2,C1,0.533333333,0.390000000,0.466666667
P2,C2,0.766666667,0.390000000,0.233333333
P2,C3,0.000000000,0.390000000,1.000000000
P2,C4,0.500000000,1.000000000,0.500000000
P2,C5,0.000000000,0.390000000,1.000000000
P2,C6,0.000000000,0.390000000,1.000000000
P2,C7,0.000000000,0.390000000,1.000000000
P2,C8,0.500000000,1.000000000,0.500000000
P2,C9,0.500000000,1.000000000,0.500000000
P2,C10,0.285882681,0.390000000,0.714117319
P2,C11,0.580191257,0.390000000,0.419808743
P2,C12,0.201320132,0.390000000,0.798679868
P3,C1,0.985185185,0.000000000,0.014814815
P3,C2,0.801413268,0.000000000,0.198586732
P3,C3,0.073523174,0.000000000,0.926476826
P3,C4,0.333000000,0.000000000,0.667000000
P3,C5,0.609478231,0.000000000,0.390521769
P3,C6,0.684037750,0.000000000,0.315962250
P3,C7,0.063154237,0.000000000,0.936845763
P3,C8,0.500000000,1.000000000,0.500000000
P3,C9,0.500000000,1.000000000,0.500000000
P3,C10,0.532894737,0.000000000,0.467105263
P3,C11,0.790317012,0.000000000,0.209682988
P3,C12,0.630363036,0.500000000,0.369636964
P4,C1,0.896296296,0.695000000,0.103703704
P4,C2,0.968880245,0.695000000,0.031119755
P4,C3,0.090389433,0.695000000,0.909610567
P4,C4,1.000000000,0.695000000,0.000000000
P4,C5,0.634424249,0.695000000,0.365575751
P4,C6,0.572359750,0.695000000,0.427640250
P4,C7,0.043842117,0.695000000,0.956157883
P4,C8,0.500000000,1.000000000,0.500000000
P4,C9,0.500000000,1.000000000,0.500000000
P4,C10,0.387947222,0.695000000,0.612052778
P4,C11,0.764258848,0.695000000,0.235741152
P4,C12,0.000000000,0.847500000,1.000000000
P5,C1,0.988888889,0.000000000,0.011111111
P5,C2,0.957627119,0.000000000,0.042372881
P5,C3,0.087995261,0.000000000,0.912004739
P5,C4,0.133000000,0.000000000,0.867000000
P5,C5,0.500787813,0.000000000,0.499212187
P5,C6,0.912417676,0.000000000,0.087582324
P5,C7,0.053432980,0.000000000,0.946567020
P5,C8,0.500000000,1.000000000,0.500000000
P5,C9,0.500000000,1.000000000,0.500000000
P5,C10,0.481983881,0.000000000,0.518016119
P5,C11,0.813098812,0.000000000,0.186901188
P5,C12,0.537953795,0.500000000,0.462046205
P6,C1,1.000000000,0.625000000,0.000000000
P6,C2,0.911412429,0.625000000,0.088587571
P6,C3,0.073565881,0.625000000,0.926434119
P6,C4,0.000000000,0.625000000,1.000000000
P6,C5,0.637534023,0.625000000,0.362465977
P6,C6,0.716109628,0.625000000,0.283890372
P6,C7,0.042614777,0.625000000,0.957385223
P6,C8,0.500000000,1.000000000,0.500000000
P6,C9,0.500000000,1.000000000,0.500000000
P6,C10,0.405323790,0.625000000,0.594676210
P6,C11,0.781892656,0.625000000,0.218107344
P6,C12,0.046204620,0.812500000,0.953795380
P7,C1,0.862962963,0.000000000,0.137037037
P7,C2,0.675439139,0.000000000,0.324560861
P7,C3,0.152509594,0.000000000,0.847490406
P7,C4,0.300000000,0.000000000,0.700000000
P7,C5,0.834810351,0.000000000,0.165189649
P7,C6,0.821145112,0.000000000,0.178854888
P7,C7,0.238101364,0.000000000,0.761898636
P7,C8,0.500000000,1.000000000,0.500000000
P7,C9,0.500000000,1.000000000,0.500000000
P7,C10,0.498746141,0.000000000,0.501253859
P7,C11,0.627735526,0.000000000,0.372264474
P7,C12,1.000000000,0.500000000,0.000000000
P8,C1,0.911111111,0.000000000,0.088888889
P8,C2,0.541335144,0.000000000,0.458664856
P8,C3,0.106884296,0.000000000,0.893115704
P8,C4,0.200000000,0.000000000,0.800000000
P8,C5,0.684058665,0.000000000,0.315941335
P8,C6,0.785336371,0.000000000,0.214663629
P8,C7,0.223376623,0.000000000,0.776623377
P8,C8,0.500000000,1.000000000,0.500000000
P8,C9,0.500000000,1.000000000,0.500000000
P8,C10,0.369695260,0.000000000,0.630304740
P8,C11,0.791407721,0.000000000,0.208592279
P8,C12,0.491749175,0.500000000,0.508250825
P9,C1,1.000000000,0.960000000,0.000000000
P9,C2,0.666666667,0.960000000,0.333333333
P9,C3,0.049295775,0.960000000,0.950704225
P9,C4,0.500000000,1.000000000,0.500000000
P9,C5,0.722354219,0.960000000,0.277645781
P9,C6,0.800955414,0.960000000,0.199044586
P9,C7,0.036713287,0.960000000,0.963286713
P9,C8,0.500000000,1.000000000,0.500000000
P9,C9,0.500000000,1.000000000,0.500000000
P9,C10,0.668630129,0.960000000,0.331369871
P9,C11,1.000000000,0.960000000,0.000000000
P9,C12,0.000000000,0.980000000,1.000000000
P10,C1,0.333333333,0.055000000,0.666666667
P10,C2,0.423175577,0.055000000,0.576824423
P10,C3,0.160414199,0.055000000,0.839585801
P10,C4,0.263000000,0.055000000,0.737000000
P10,C5,0.247399611,0.055000000,0.752600389
P10,C6,0.837882138,0.055000000,0.162117862
P10,C7,0.451181669,0.055000000,0.548818331
P10,C8,0.500000000,1.000000000,0.500000000
P10,C9,0.500000000,1.000000000,0.500000000
P10,C10,0.755490815,0.055000000,0.244509185
P10,C11,0.569758318,0.055000000,0.430241682
P10,C12,0.422442244,0.527500000,0.577557756
P11,C1,0.737037037,0.000000000,0.262962963
P11,C2,0.543890937,0.000000000,0.456109063
P11,C3,0.208122203,0.000000000,0.791877797
P11,C4,0.344000000,0.000000000,0.656000000
P11,C5,0.600811045,0.000000000,0.399188955
P11,C6,0.636235625,0.000000000,0.363764375
P11,C7,0.445476351,0.000000000,0.554523649
P11,C8,0.500000000,1.000000000,0.500000000
P11,C9,0.500000000,1.000000000,0.500000000
P11,C10,0.577407296,0.000000000,0.422592704
P11,C11,0.677946128,0.000000000,0.322053872
P11,C12,0.778877888,0.500000000,0.221122112
P12,C1,0.951851852,0.000000000,0.048148148
P12,C2,0.584300260,0.000000000,0.415699740
P12,C3,0.161293177,0.000000000,0.838706823
P12,C4,0.267000000,0.000000000,0.733000000
P12,C5,0.591954468,0.000000000,0.408045532
P12,C6,0.901565315,0.000000000,0.098434685
P12,C7,0.055610106,0.000000000,0.944389894
P12,C8,0.500000000,1.000000000,0.500000000
P12,C9,0.500000000,1.000000000,0.500000000
P12,C10,0.630164924,0.000000000,0.369835076
P12,C11,0.801305210,0.000000000,0.198694790
P12,C12,0.603960396,0.500000000,0.396039604
P13,C1,0.718518519,0.070000000,0.281481481
P13,C2,0.504787685,0.070000000,0.495212315
P13,C3,0.213768593,0.070000000,0.786231407
P13,C4,0.444000000,0.070000000,0.556000000
P13,C5,0.636592614,0.070000000,0.363407386
P13,C6,0.640208145,0.070000000,0.359791855
P13,C7,0.450249610,0.070000000,0.549750390
P13,C8,0.500000000,1.000000000,0.500000000
P13,C9,0.500000000,1.000000000,0.500000000
P13,C10,0.519876061,0.070000000,0.480123939
P13,C11,0.635092542,0.070000000,0.364907458
P13,C12,0.412541254,0.535000000,0.587458746
P14,C1,0.637037037,0.015000000,0.362962963
P14,C2,0.343858442,0.015000000,0.656141558
P14,C3,0.155883066,0.015000000,0.844116934
P14,C4,0.296000000,0.015000000,0.704000000
P14,C5,0.268674332,0.015000000,0.731325668
P14,C6,0.616726348,0.015000000,0.383273652
P14,C7,0.410653571,0.015000000,0.589346429
P14,C8,0.500000000,1.000000000,0.500000000
P14,C9,0.500000000,1.000000000,0.500000000
P14,C10,0.566530963,0.015000000,0.433469037
P14,C11,0.609411974,0.015000000,0.390588026
P14,C12,0.448844884,0.507500000,0.551155116
P15,C1,0.451851852,0.160000000,0.548148148
P15,C2,0.101879327,0.160000000,0.898120673
P15,C3,1.000000000,0.160000000,0.000000000
P15,C4,0.310000000,0.160000000,0.690000000
P15,C5,0.327700973,0.160000000,0.672299027
P15,C6,0.630108005,0.160000000,0.369891995
P15,C7,1.000000000,0.160000000,0.000000000
P15,C8,0.500000000,1.000000000,0.500000000
P15,C9,0.500000000,1.000000000,0.500000000
P15,C10,0.493001555,0.160000000,0.506998445
P15,C11,0.362962963,0.160000000,0.637037037
P15,C12,0.353135314,0.580000000,0.646864686
P16,C1,0.766666667,0.600000000,0.233333333
P16,C2,0.418528391,0.600000000,0.581471609
P16,C3,0.467710939,0.600000000,0.532289061
P16,C4,0.333000000,0.600000000,0.667000000
P16,C5,0.518645608,0.600000000,0.481354392
P16,C6,0.712264952,0.600000000,0.287735048
P16,C7,0.896260261,0.600000000,0.103739739
P16,C8,0.500000000,1.000000000,0.500000000
P16,C9,0.500000000,1.000000000,0.500000000
P16,C10,0.750975774,0.600000000,0.249024226
P16,C11,0.568123235,0.600000000,0.431876765
P16,C12,0.062706271,0.800000000,0.937293729
P17,C1,0.000000000,0.000000000,1.000000000
P17,C2,0.459176975,0.000000000,0.540823025
P17,C3,0.064705251,0.000000000,0.935294749
P17,C4,0.529000000,0.000000000,0.471000000
P17,C5,0.199488124,0.000000000,0.800511876
P17,C6,0.096853421,0.000000000,0.903146579
P17,C7,0.445888208,0.000000000,0.554111792
P17,C8,0.500000000,1.000000000,0.500000000
P17,C9,0.500000000,1.000000000,0.500000000
P17,C10,0.158154432,0.000000000,0.841845568
P17,C11,0.581400535,0.000000000,0.418599465
P17,C12,0.801980198,0.500000000,0.198019802
P18,C1,0.733333333,0.990000000,0.266666667
P18,C2,1.000000000,0.990000000,0.000000000
P18,C3,0.697183099,0.990000000,0.302816901
P18,C4,0.500000000,1.000000000,0.500000000
P18,C5,0.000000000,0.990000000,1.000000000
P18,C6,0.800955414,0.990000000,0.199044586
P18,C7,0.146853147,0.990000000,0.853146853
P18,C8,0.500000000,1.000000000,0.500000000
P18,C9,0.500000000,1.000000000,0.500000000
P18,C10,0.864748666,0.990000000,0.135251334
P18,C11,0.933333333,0.990000000,0.066666667
P18,C12,0.000000000,0.995000000,1.000000000
P19,C1,0.485185185,0.805000000,0.514814815
P19,C2,0.520643199,0.805000000,0.479356801
P19,C3,0.111042483,0.805000000,0.888957517
P19,C4,0.333000000,0.805000000,0.667000000
P19,C5,0.504468506,0.805000000,0.495531494
P19,C6,0.280724721,0.805000000,0.719275279
P19,C7,0.521926234,0.805000000,0.478073766
P19,C8,0.500000000,1.000000000,0.500000000
P19,C9,0.500000000,1.000000000,0.500000000
P19,C10,0.238690155,0.805000000,0.761309845
P19,C11,0.761778695,0.805000000,0.238221305
P19,C12,0.000000000,0.902500000,1.000000000
P20,C1,0.837037037,0.000000000,0.162962963
P20,C2,0.503175459,0.000000000,0.496824541
P20,C3,0.156215510,0.000000000,0.843784490
P20,C4,0.259000000,0.000000000,0.741000000
P20,C5,0.353242576,0.000000000,0.646757424
P20,C6,0.809484515,0.000000000,0.190515485
P20,C7,0.255677433,0.000000000,0.744322567
P20,C8,0.500000000,1.000000000,0.500000000
P20,C9,0.500000000,1.000000000,0.500000000
P20,C10,0.639083783,0.000000000,0.360916217
P20,C11,0.803628984,0.000000000,0.196371016
P20,C12,0.613861386,0.500000000,0.386138614
